{"cameraMode":{"drawMode":0,"name":"Shaded","section":"Shading Mode"},"sceneLighting":false,"audioPlay":false,"sceneViewState":{"m_AlwaysRefresh":false,"showFog":true,"showSkybox":false,"showFlares":true,"showImageEffects":true,"showParticleSystems":true,"showVisualEffectGraphs":true,"m_FxEnabled":true},"in2DMode":false,"pivot":{"x":-0.029053807258605958,"y":0.21112984418869019,"z":0.1263660192489624},"rotation":{"x":0.14275412261486054,"y":-0.8570396304130554,"z":0.3397297263145447,"w":0.3601263165473938},"size":0.5969001054763794,"orthographic":false}